Model,CV_R2,CV_R2_STD,Train_CV_R2,Test_MAE,Test_RMSE,Test_R2,Run_ID
Lasso,0.6808442178930474,0.04587732838895804,0.7399183399955284,3.5848626153288623,4.607582598267506,0.5898555627452046,6bc5327698714d3ead0f1a4df0f6ae5a
Ridge,0.6729177830635052,0.048752602411241325,0.7482524516411757,3.5837610686245585,4.429599924417031,0.6209298622682218,2d1a297caefe4cf0890328bc8a63be64
LinearRegression,0.6705763754430414,0.04737627909344962,0.7494413403626835,3.5803132763914047,4.410159799399604,0.6242498010903735,42b5986ae5db4a449063de805a1fb9cd
RandomForest,0.6411570375857328,0.04969617523481673,0.8650077073253499,3.621808644045347,4.331336668601843,0.6375613941938794,d2f4f80fe40744e581aacc9f471993e5
